Name,Size,Date Created,Torsional DOF,AutoDock Elements
0,21,2021.04.14 20:25:30,4,A C HD OA N 
BBADRO.xab,18,2021.04.14 22:11:43,8,C OA HD N 
1,23,2021.04.14 22:15:58,5,A C NA OA N HD 
ZINC000030834184_uff_E=290.23,19,2021.04.15 19:30:30,3,A C HD OA N 
ZINC000331316425_uff_E=787.42,18,2021.04.15 19:30:30,4,A C OA N S SA HD 
ZINC000040541970_uff_E=347.04,19,2021.04.15 19:30:30,3,A C OA N SA HD 
ZINC000003261550_uff_E=148.84,19,2021.04.15 19:30:30,3,A C HD OA N 
ZINC000002961684_uff_E=162.25,18,2021.04.15 19:30:30,2,A C HD OA N 
ZINC000021983276_uff_E=1163.24,17,2021.04.15 19:30:31,3,HD C S OA 
ZINC000000897244_uff_E=1446.07,17,2021.04.15 19:30:31,3,A C NA OA S HD 
ZINC000021983279_uff_E=1420.51,17,2021.04.15 19:30:31,3,HD C S OA 
ZINC000021960676_uff_E=101.57,18,2021.04.15 19:30:31,7,C HD OA N 
ZINC000003416035_uff_E=1501.05,18,2021.04.15 19:30:31,5,A C HD OA N 
ZINC000004637235_uff_E=104.66,20,2021.04.15 19:30:31,6,A C OA N SA HD 
ZINC000252452703_uff_E=92.96,23,2021.04.15 19:30:31,6,A C HD OA N 
ZINC000039121203_uff_E=79.08,19,2021.04.15 19:30:31,7,A C HD OA N 
ZINC000013638179_uff_E=1362.13,20,2021.04.15 19:30:31,4,A C OA N SA HD 
ZINC000000374873_uff_E=141.71,21,2021.04.15 19:30:32,7,A C HD OA N 
ZINC000253536240_uff_E=149.47,25,2021.04.15 19:30:32,4,A C OA HD N 
ZINC000090275528_uff_E=121.13,22,2021.04.15 19:30:32,7,A C HD OA N 
ZINC000090275527_uff_E=148.08,22,2021.04.15 19:30:32,7,A C HD OA N 
ZINC000021782355_uff_E=191.70,19,2021.04.15 19:30:32,4,A C HD OA N 
ZINC000088373840_uff_E=465.11,19,2021.04.15 19:30:32,4,A C HD OA N 
ZINC000003643731_uff_E=373.87,18,2021.04.15 19:30:32,4,A C HD OA N 
ZINC000037433961_uff_E=248.91,20,2021.04.15 19:30:32,7,C HD OA N 
ZINC000047843705_uff_E=667.90,20,2021.04.15 19:30:33,7,A C NA OA N S HD 
ZINC000040543936_uff_E=352.47,19,2021.04.15 19:30:33,3,A C HD OA N 
ZINC000037433960_uff_E=232.88,20,2021.04.15 19:30:33,7,C HD OA N 
ZINC000021955154_uff_E=537.81,19,2021.04.15 19:30:33,10,HD NA C S OA 
ZINC000021955162_uff_E=558.86,19,2021.04.15 19:30:33,10,HD NA C S OA 
ZINC000021960671_uff_E=100.83,18,2021.04.15 19:30:33,7,C HD OA N 
ZINC000003852619_uff_E=398.80,22,2021.04.15 19:30:33,5,A C OA HD N 
ZINC000004124645_uff_E=768.79,18,2021.04.15 19:30:33,4,C HD OA N 
ZINC000071792691_uff_E=625.43,18,2021.04.15 19:30:33,4,C HD OA N 
ZINC000003887395_uff_E=421.24,18,2021.04.15 19:30:34,3,A C HD OA N 
ZINC000095257904_uff_E=575.32,21,2021.04.15 19:30:34,4,A C NA OA N HD 
ZINC000095257903_uff_E=572.00,21,2021.04.15 19:30:34,4,A C NA OA N HD 
ZINC000037437715_uff_E=262.10,19,2021.04.15 19:30:34,4,C HD OA N 
ZINC000005750376_uff_E=773.97,26,2021.04.15 19:30:34,5,A C HD OA N 
ZINC000004124646_uff_E=621.95,18,2021.04.15 19:30:34,4,C HD OA N 
ZINC000019092477_uff_E=158.93,16,2021.04.15 19:30:34,5,C HD OA N 
ZINC000037456881_uff_E=1482.85,20,2021.04.15 19:30:34,6,A C HD OA N 
ZINC000072344450_uff_E=259.07,17,2021.04.15 19:30:35,5,C HD OA N 
ZINC000137708902_uff_E=176.08,20,2021.04.15 19:30:35,5,C HD OA N 
ZINC000236128931_uff_E=504.51,20,2021.04.15 19:30:35,5,A C NA OA N HD 
ZINC000022159523_uff_E=678.32,17,2021.04.15 19:30:35,5,A C NA OA N S HD 
ZINC000022165608_uff_E=320.77,20,2021.04.15 19:30:35,4,A C HD OA N 
ZINC000236129504_uff_E=511.42,20,2021.04.15 19:30:35,5,A C NA OA N HD 
ZINC000222408077_uff_E=280.64,18,2021.04.15 19:30:35,4,C HD OA N 
ZINC000004207129_uff_E=630.33,14,2021.04.15 19:30:35,4,S C HD SA OA 
ZINC000004207127_uff_E=625.08,14,2021.04.15 19:30:35,4,S C HD SA OA 
ZINC000002293558_uff_E=130.52,17,2021.04.15 19:30:36,9,P C HD OA 
ZINC000004235143_uff_E=253.02,17,2021.04.15 19:30:36,7,C HD OA N 
ZINC000065406900_uff_E=553.74,22,2021.04.15 19:30:36,6,A C OA HD N 
ZINC000004298586_uff_E=79.09,23,2021.04.15 19:30:36,8,A C HD OA N 
ZINC000725256334_uff_E=272.47,20,2021.04.15 19:30:36,7,A C HD OA N 
ZINC000725256494_uff_E=306.13,18,2021.04.15 19:30:36,6,A C HD OA N 
ZINC000000039856_uff_E=351.31,21,2021.04.15 19:30:36,4,A C HD OA N 
ZINC000725256565_uff_E=271.70,19,2021.04.15 19:30:36,6,A C HD OA N 
ZINC000008914725_uff_E=374.35,19,2021.04.15 19:30:37,3,A C OA HD N 
ZINC000004471901_uff_E=179.12,17,2021.04.15 19:30:37,4,C HD OA N 
ZINC000002331032_uff_E=352.99,19,2021.04.15 19:30:37,7,A C NA OA N SA HD 
ZINC000000973279_uff_E=100.64,16,2021.04.15 19:30:37,3,A C OA N SA HD 
ZINC000004553155_uff_E=301.85,16,2021.04.15 19:30:37,3,A C OA N SA HD 
ZINC000062134048_uff_E=1739.03,20,2021.04.15 19:30:37,6,A C NA OA N HD 
ZINC000016971447_uff_E=172.78,17,2021.04.15 19:30:37,6,HD C SA OA N 
ZINC000299741986_uff_E=1445.34,19,2021.04.15 19:30:37,10,A C HD OA N 
ZINC000071773858_uff_E=145.00,19,2021.04.15 19:30:37,3,A C HD OA N 
ZINC000004671366_uff_E=518.04,18,2021.04.15 19:30:38,3,A C HD OA N 
ZINC000584880107_uff_E=1795.71,16,2021.04.15 19:30:38,6,A C HD S OA 
ZINC000584879962_uff_E=616.94,14,2021.04.15 19:30:38,0,HD C S OA N 
ZINC000584879961_uff_E=609.40,14,2021.04.15 19:30:38,0,HD C S OA N 
ZINC000002169124_uff_E=961.50,18,2021.04.15 19:30:38,4,A C OA N SA HD 
ZINC000584880104_uff_E=1779.68,16,2021.04.15 19:30:38,6,A C HD S OA 
ZINC000002012927_uff_E=964.30,18,2021.04.15 19:30:38,4,A C OA N SA HD 
ZINC000177995311_uff_E=1451.37,20,2021.04.15 19:30:38,5,A C HD OA N 
ZINC000100252828_uff_E=1459.84,19,2021.04.15 19:30:38,3,A C HD OA N 
ZINC000037420956_uff_E=379.27,20,2021.04.15 19:30:39,4,C HD OA N 
ZINC000004395661_uff_E=116.61,19,2021.04.15 19:30:39,7,NA C HD OA N 
ZINC000066324463_uff_E=367.37,19,2021.04.15 19:30:39,1,A HD OA N 
ZINC000025578658_uff_E=129.07,23,2021.04.15 19:30:39,8,A C HD OA N 
ZINC000004992763_uff_E=371.51,21,2021.04.15 19:30:39,5,A C OA HD N 
ZINC000053496450_uff_E=661.61,15,2021.04.15 19:30:39,4,C OA N S SA HD 
ZINC000252627812_uff_E=450.45,23,2021.04.15 19:30:39,5,A C NA OA N HD 
ZINC000170637953_uff_E=375.04,20,2021.04.15 19:30:39,1,A C HD OA N 
ZINC000005789479_uff_E=97.34,18,2021.04.15 19:30:40,5,A C OA N SA HD 
ZINC000002115223_uff_E=154.08,20,2021.04.15 19:30:40,8,C HD OA N 
ZINC000575436869_uff_E=99.02,18,2021.04.15 19:30:40,8,C HD OA N 
ZINC000026443386_uff_E=155.49,21,2021.04.15 19:30:40,7,A C NA OA N SA HD 
ZINC000019517335_uff_E=203.54,18,2021.04.15 19:30:40,5,C HD OA N 
ZINC000019686070_uff_E=816.41,19,2021.04.15 19:30:40,4,C HD OA N 
ZINC000082292986_uff_E=273.96,19,2021.04.15 19:30:40,4,C HD OA N 
ZINC000031807922_uff_E=403.95,25,2021.04.15 19:30:40,4,A C HD OA N 
ZINC000100116292_uff_E=392.73,21,2021.04.15 19:30:41,2,A C HD OA N 
ZINC000001287859_uff_E=383.51,19,2021.04.15 19:30:41,6,A C OA N P HD 
ZINC000004207178_uff_E=366.98,23,2021.04.15 19:30:41,4,A C OA HD N 
ZINC000102571869_uff_E=374.35,19,2021.04.15 19:30:41,3,A C OA HD N 
ZINC000008575829_uff_E=813.95,20,2021.04.15 19:30:41,2,A C OA N S HD 
ZINC000110682622_uff_E=1456.88,20,2021.04.15 19:30:41,5,A C HD OA N 
ZINC000004029864_uff_E=349.89,20,2021.04.15 19:30:41,4,A C HD OA N 
ZINC000062938568_uff_E=449.78,18,2021.04.15 19:30:41,3,A C NA OA N HD 
ZINC000039135820_uff_E=138.70,20,2021.04.15 19:30:41,6,C HD OA N 
ZINC000098113582_uff_E=581.84,17,2021.04.15 19:30:42,7,HD NA C S OA 
ZINC000008754431_uff_E=154.93,21,2021.04.15 19:30:42,4,A C HD OA N 
ZINC000037655543_uff_E=594.41,18,2021.04.15 19:30:42,6,HD NA C S OA 
ZINC000013554952_uff_E=813.14,15,2021.04.15 19:30:42,1,A C OA N S HD 
ZINC000073641176_uff_E=563.48,16,2021.04.15 19:30:42,3,A C OA N S HD 
ZINC000006921736_uff_E=571.71,18,2021.04.15 19:30:42,1,A C HD OA N 
ZINC000044907743_uff_E=1440.94,18,2021.04.15 19:30:42,4,A C HD OA N 
ZINC000069716908_uff_E=698.43,16,2021.04.15 19:30:42,5,A C OA N S HD 
ZINC000069716743_uff_E=691.74,17,2021.04.15 19:30:42,5,A C OA N S HD 
ZINC000585134635_uff_E=240.71,19,2021.04.15 19:30:43,6,C HD OA N 
ZINC000392498310_uff_E=403.00,24,2021.04.15 19:30:43,4,A C OA HD N 
ZINC000062913628_uff_E=432.35,19,2021.04.15 19:30:43,4,C HD OA N 
ZINC000040447969_uff_E=138.29,16,2021.04.15 19:30:43,5,HD C SA OA N 
ZINC000534587382_uff_E=268.58,18,2021.04.15 19:30:43,5,C HD OA N 
ZINC000040566696_uff_E=248.81,18,2021.04.15 19:30:43,3,A C F OA N HD 
ZINC000000497329_uff_E=106.45,17,2021.04.15 19:30:43,4,A C HD OA N 
ZINC000071770822_uff_E=521.71,21,2021.04.15 19:30:43,6,A C F NA OA N S HD 
ZINC000001644960_uff_E=279.65,20,2021.04.15 19:30:44,6,A C OA N S HD 
ZINC000006769861_uff_E=378.03,21,2021.04.15 19:30:44,3,A C HD OA N 
ZINC000150294391_uff_E=178.61,19,2021.04.15 19:30:44,7,C HD OA N 
ZINC000035408852_uff_E=100.55,21,2021.04.15 19:30:44,6,A C HD OA N 
ZINC000261536697_uff_E=722.76,17,2021.04.15 19:30:44,6,HD NA C S OA 
ZINC000032625209_uff_E=160.66,19,2021.04.15 19:30:44,3,A C HD OA N 
ZINC000307570411_uff_E=448.78,19,2021.04.15 19:30:44,6,A C HD OA N 
ZINC000252493900_uff_E=112.08,24,2021.04.15 19:30:44,4,A C OA HD N 
ZINC000252493901_uff_E=112.70,24,2021.04.15 19:30:45,4,A C OA HD N 
ZINC000101036960_uff_E=1426.44,18,2021.04.15 19:30:45,2,A C HD OA N 
ZINC000072416564_uff_E=279.41,20,2021.04.15 19:30:45,3,A C HD OA N 
ZINC000097375660_uff_E=769.95,22,2021.04.15 19:30:45,3,A C NA OA N SA HD 
ZINC000072416565_uff_E=279.39,20,2021.04.15 19:30:45,3,A C HD OA N 
ZINC000888099288_uff_E=221.98,18,2021.04.15 19:30:45,5,C OA HD N 
ZINC000004705420_uff_E=585.32,21,2021.04.15 19:30:45,3,A C HD OA N 
ZINC000100020642_uff_E=122.95,20,2021.04.15 19:30:45,11,C HD OA N 
ZINC000002750614_uff_E=124.86,17,2021.04.15 19:30:45,6,NA C HD OA N 
ZINC000004169248_uff_E=226.00,17,2021.04.15 19:30:46,6,A C HD OA N 
ZINC000154832053_uff_E=2568.21,21,2021.04.15 19:30:46,8,A C HD OA N 
ZINC000152495606_uff_E=1736.11,19,2021.04.15 19:30:46,3,A C OA N S HD 
ZINC000007989005_uff_E=167.57,19,2021.04.15 19:30:46,3,A C HD OA N 
ZINC000013465079_uff_E=739.29,17,2021.04.15 19:30:46,3,C HD OA N 
ZINC000000299184_uff_E=596.58,17,2021.04.15 19:30:46,3,C HD OA N 
ZINC000030677738_uff_E=77.52,18,2021.04.15 19:30:46,7,C HD OA N 
ZINC000084063773_uff_E=1393.83,20,2021.04.15 19:30:46,5,A C HD OA N 
ZINC000250556822_uff_E=1405.26,20,2021.04.15 19:30:47,5,A C HD OA N 
ZINC000250556820_uff_E=1409.90,20,2021.04.15 19:30:47,5,A C HD OA N 
ZINC000002097573_uff_E=265.54,22,2021.04.15 19:30:47,8,A C OA N S HD 
ZINC000004124653_uff_E=603.51,17,2021.04.15 19:30:47,3,C HD OA N 
ZINC000016283433_uff_E=390.12,20,2021.04.15 19:30:47,4,A C HD OA N 
ZINC000008602318_uff_E=384.86,19,2021.04.15 19:30:47,3,A C HD OA N 
ZINC000012357972_uff_E=427.33,20,2021.04.15 19:30:47,4,A C HD OA N 
ZINC000004223090_uff_E=110.81,22,2021.04.15 19:30:47,7,A C OA N SA HD 
ZINC000004223091_uff_E=110.81,22,2021.04.15 19:30:48,7,A C OA N SA HD 
ZINC000072324052_uff_E=652.49,17,2021.04.15 19:30:48,5,A C Cl OA N S HD 
ZINC000003851493_uff_E=175.13,21,2021.04.15 19:30:48,5,A C OA HD N 
ZINC000008653863_uff_E=83.93,20,2021.04.15 19:30:48,6,A C HD OA N 
ZINC000261569117_uff_E=246.53,18,2021.04.15 19:30:48,6,C HD OA N 
ZINC000108423876_uff_E=125.51,21,2021.04.15 19:30:48,7,A C NA OA N SA HD 
ZINC000042373137_uff_E=144.66,18,2021.04.15 19:30:48,6,C HD OA N 
ZINC000008731896_uff_E=630.11,16,2021.04.15 19:30:48,5,A C NA OA S HD 
ZINC000036612475_uff_E=111.13,21,2021.04.15 19:30:48,6,A C HD OA N 
ZINC000036612474_uff_E=113.42,21,2021.04.15 19:30:49,6,A C HD OA N 
ZINC000014983624_uff_E=113.47,17,2021.04.15 19:30:49,5,A C HD OA N 
ZINC000042436328_uff_E=389.93,19,2021.04.15 19:30:49,9,A C HD OA N 
ZINC000225809565_uff_E=462.80,18,2021.04.15 19:30:49,4,A C OA N S HD 
ZINC000269082916_uff_E=257.94,19,2021.04.15 19:30:49,6,C HD OA N 
ZINC000036747152_uff_E=162.77,22,2021.04.15 19:30:49,7,C HD OA N 
ZINC000036747153_uff_E=135.41,22,2021.04.15 19:30:49,7,C HD OA N 
ZINC000261584193_uff_E=251.85,18,2021.04.15 19:30:49,6,C HD OA N 
ZINC000042493128_uff_E=193.67,17,2021.04.15 19:30:50,10,C HD OA N 
ZINC000261584271_uff_E=256.31,18,2021.04.15 19:30:50,6,C HD OA N 
ZINC000002473620_uff_E=116.22,18,2021.04.15 19:30:50,5,A C OA N SA HD 
ZINC000032194656_uff_E=388.44,17,2021.04.15 19:30:50,4,C HD OA N 
ZINC000034378882_uff_E=185.21,17,2021.04.15 19:30:50,4,C HD OA N 
ZINC000037834707_uff_E=1360.02,21,2021.04.15 19:30:50,8,A C HD OA N 
ZINC000004169646_uff_E=272.93,16,2021.04.15 19:30:50,7,C HD OA N 
ZINC000000124830_uff_E=154.59,21,2021.04.15 19:30:50,5,A C HD OA N 
ZINC000101168853_uff_E=348.11,20,2021.04.15 19:30:51,4,A C HD OA N 
ZINC000100020331_uff_E=359.97,19,2021.04.15 19:30:51,4,A C HD OA N 
ZINC000100116767_uff_E=363.12,20,2021.04.15 19:30:51,4,A C HD OA N 
ZINC000367929595_uff_E=439.38,19,2021.04.15 19:30:51,4,C HD OA N 
ZINC000015775022_uff_E=151.29,17,2021.04.15 19:30:51,5,C HD OA N 
ZINC000367929583_uff_E=417.48,19,2021.04.15 19:30:51,4,C HD OA N 
ZINC000019425591_uff_E=467.24,20,2021.04.15 19:30:51,6,A C OA N S HD 
ZINC000004249556_uff_E=362.13,21,2021.04.15 19:30:51,3,A C OA N SA HD 
ZINC000004051629_uff_E=148.04,21,2021.04.15 19:30:52,8,C HD OA N 
ZINC000002572189_uff_E=63.51,19,2021.04.15 19:30:52,8,C HD OA N 
ZINC000032918143_uff_E=786.14,20,2021.04.15 19:30:52,5,A C NA OA N S HD 
ZINC000000294713_uff_E=273.71,21,2021.04.15 19:30:52,7,A C HD OA N 
ZINC000002456662_uff_E=191.12,16,2021.04.15 19:30:52,4,C HD OA N 
ZINC000002569185_uff_E=336.47,16,2021.04.15 19:30:52,5,HD C S OA N 
ZINC000085231638_uff_E=269.81,19,2021.04.15 19:30:52,7,A C HD OA N 
ZINC000004899639_uff_E=141.26,16,2021.04.15 19:30:52,7,HD C S OA N 
ZINC000006445419_uff_E=359.02,25,2021.04.15 19:30:52,8,A C HD OA N 
ZINC000002213045_uff_E=179.61,18,2021.04.15 19:30:53,8,C HD OA N 
ZINC000012336444_uff_E=62.30,16,2021.04.15 19:30:53,9,C HD OA 
ZINC000177997511_uff_E=1312.71,20,2021.04.15 19:30:53,8,A C HD OA N 
ZINC000062913445_uff_E=258.45,20,2021.04.15 19:30:53,5,C HD OA N 
ZINC000003110006_uff_E=171.97,16,2021.04.15 19:30:53,3,A C HD OA N 
ZINC000130199723_uff_E=736.38,18,2021.04.15 19:30:53,6,A C OA N S HD 
ZINC000002768361_uff_E=364.41,18,2021.04.15 19:30:53,1,A C HD OA N 
ZINC000000153321_uff_E=131.79,20,2021.04.15 19:30:53,5,C HD OA N 
ZINC000009190225_uff_E=187.72,19,2021.04.15 19:30:54,6,A C HD OA N 
ZINC000129589501_uff_E=135.19,18,2021.04.15 19:30:54,7,A C HD OA N 
ZINC000037516594_uff_E=1357.70,21,2021.04.15 19:30:54,5,A C HD OA N 
ZINC000017110030_uff_E=129.60,19,2021.04.15 19:30:54,5,A C OA N SA HD 
ZINC000037516592_uff_E=1358.63,21,2021.04.15 19:30:54,5,A C HD OA N 
ZINC000001191358_uff_E=190.49,17,2021.04.15 19:30:54,2,A C OA N SA HD 
ZINC000008729807_uff_E=60.33,16,2021.04.15 19:30:54,9,C HD OA 
ZINC000001514644_uff_E=370.52,18,2021.04.15 19:30:54,3,A C HD OA N 
ZINC000003832517_uff_E=135.16,22,2021.04.15 19:30:54,8,A C OA N SA HD 
ZINC000237912763_uff_E=279.00,20,2021.04.15 19:30:55,5,A C HD OA N 
ZINC000002539628_uff_E=969.53,18,2021.04.15 19:30:55,4,A C NA OA N SA HD 
ZINC000004298478_uff_E=445.81,20,2021.04.15 19:30:55,7,C HD OA N 
ZINC000006445426_uff_E=365.88,25,2021.04.15 19:30:55,8,A C HD OA N 
ZINC000034926112_uff_E=372.72,18,2021.04.15 19:30:55,5,A C OA N SA HD 
ZINC000034926111_uff_E=333.78,18,2021.04.15 19:30:55,4,A C OA N SA HD 
ZINC000122994461_uff_E=167.87,21,2021.04.15 19:30:55,6,C HD OA N 
ZINC000034462800_uff_E=615.45,19,2021.04.15 19:30:56,2,A C NA OA N HD 
ZINC000002308577_uff_E=768.80,28,2021.04.15 19:30:56,4,A OA HD N 
ZINC000087208382_uff_E=260.78,19,2021.04.15 19:30:56,4,C HD OA N 
ZINC000262187137_uff_E=447.15,20,2021.04.15 19:30:56,4,A C HD OA N 
ZINC000262187141_uff_E=447.85,20,2021.04.15 19:30:56,4,A C HD OA N 
ZINC000262219237_uff_E=1507.91,23,2021.04.15 19:30:56,7,A C OA HD N 
ZINC000054768639_uff_E=238.43,19,2021.04.15 19:30:56,8,C HD OA N 
ZINC000054768638_uff_E=210.85,19,2021.04.15 19:30:56,8,C HD OA N 
ZINC000083875213_uff_E=307.74,18,2021.04.15 19:30:57,4,C HD OA N 
ZINC000083875211_uff_E=304.91,18,2021.04.15 19:30:57,4,C HD OA N 
ZINC000088375338_uff_E=302.03,19,2021.04.15 19:30:57,5,C HD OA N 
ZINC000408522743_uff_E=953.22,17,2021.04.15 19:30:57,2,A C OA N SA HD 
ZINC000037437134_uff_E=185.82,19,2021.04.15 19:30:57,5,C HD OA N 
ZINC000342555594_uff_E=237.72,19,2021.04.15 19:30:57,8,C HD OA N 
ZINC000088373749_uff_E=269.99,19,2021.04.15 19:30:57,4,C HD OA N 
ZINC000074934285_uff_E=1028.02,23,2021.04.15 19:30:58,5,A C NA OA N HD 
ZINC000038951971_uff_E=261.40,20,2021.04.15 19:30:58,7,A C HD OA N 
ZINC000012398436_uff_E=800.71,19,2021.04.15 19:30:58,5,A C OA N S HD 
ZINC000100177130_uff_E=365.60,19,2021.04.15 19:30:58,2,A C OA N SA HD 
ZINC000002233423_uff_E=638.66,18,2021.04.15 19:30:58,5,HD C S OA N 
ZINC000100794811_uff_E=695.82,18,2021.04.15 19:30:58,5,HD C S OA N 
ZINC000001532279_uff_E=104.95,18,2021.04.15 19:30:58,7,HD C SA OA N 
ZINC000004954360_uff_E=452.33,19,2021.04.15 19:30:58,5,A NA OA N S HD 
ZINC000037518428_uff_E=1451.61,19,2021.04.15 19:30:59,10,A C HD OA N 
ZINC000037518426_uff_E=1472.90,19,2021.04.15 19:30:59,10,A C HD OA N 
ZINC000262369858_uff_E=1445.38,19,2021.04.15 19:30:59,6,A C HD OA N 
ZINC000018152563_uff_E=86.07,19,2021.04.15 19:30:59,6,A C HD OA N 
ZINC000262369861_uff_E=1473.53,19,2021.04.15 19:30:59,6,A C HD OA N 
ZINC000065407987_uff_E=543.72,22,2021.04.15 19:30:59,5,A C HD OA N 
ZINC000065407985_uff_E=565.32,22,2021.04.15 19:30:59,5,A C HD OA N 
ZINC000035600838_uff_E=660.43,21,2021.04.15 19:30:59,8,A C NA OA N S HD 
ZINC000002461422_uff_E=123.02,19,2021.04.15 19:31:00,6,A C OA N SA HD 
ZINC000002139869_uff_E=297.88,20,2021.04.15 19:31:00,10,P C OA HD N 
ZINC000034120624_uff_E=206.67,22,2021.04.15 19:31:00,8,A C HD OA N 
ZINC000057352386_uff_E=360.19,20,2021.04.15 19:31:00,4,A C HD OA N 
ZINC000100338482_uff_E=343.42,18,2021.04.15 19:31:00,3,A C HD OA N 
ZINC000043830512_uff_E=2252.27,15,2021.04.15 19:31:00,5,A C NA OA S HD 
ZINC000521398321_uff_E=640.52,17,2021.04.15 19:31:00,5,A C NA OA S HD 
ZINC000057218759_uff_E=284.44,20,2021.04.15 19:31:00,8,A C HD OA N 
ZINC000020185114_uff_E=203.12,20,2021.04.15 19:31:01,5,A C HD OA N 
ZINC000001023501_uff_E=298.07,18,2021.04.15 19:31:01,4,A C HD OA N 
ZINC000011919891_uff_E=168.04,18,2021.04.15 19:31:01,2,A C OA N SA HD 
ZINC000071246550_uff_E=198.34,22,2021.04.15 19:31:01,6,A C HD OA N 
ZINC000065398220_uff_E=368.93,19,2021.04.15 19:31:01,7,A C HD OA N 
ZINC000065422631_uff_E=355.46,22,2021.04.15 19:31:01,4,A C OA HD N 
ZINC000084614927_uff_E=322.84,21,2021.04.15 19:31:01,4,A C HD OA N 
ZINC000123637693_uff_E=274.86,20,2021.04.15 19:31:01,7,C HD OA N 
ZINC000262652414_uff_E=1509.90,19,2021.04.15 19:31:02,6,A C HD OA N 
ZINC000123637293_uff_E=296.06,20,2021.04.15 19:31:02,7,C HD OA N 
ZINC000004476560_uff_E=302.92,22,2021.04.15 19:31:02,7,A C OA N SA HD 
ZINC000000339488_uff_E=104.70,20,2021.04.15 19:31:02,0,A C OA HD N 
ZINC000001417063_uff_E=326.80,18,2021.04.15 19:31:02,3,A C F NA OA N SA HD 
ZINC000003407843_uff_E=191.80,23,2021.04.15 19:31:02,5,A C HD OA N 
ZINC000002392043_uff_E=147.92,23,2021.04.15 19:31:02,3,A C OA HD N 
ZINC000012396154_uff_E=741.69,20,2021.04.15 19:31:02,4,A C OA N S HD 
ZINC000044122959_uff_E=148.62,17,2021.04.15 19:31:03,10,C HD OA N 
ZINC000012394588_uff_E=386.19,19,2021.04.15 19:31:03,4,A C OA HD N 
ZINC000003086243_uff_E=495.86,18,2021.04.15 19:31:03,5,A C NA OA N S SA HD 
ZINC000019090408_uff_E=183.31,16,2021.04.15 19:31:03,6,C HD OA N 
ZINC000262755539_uff_E=377.26,20,2021.04.15 19:31:03,5,C HD OA N 
ZINC000019090411_uff_E=177.69,16,2021.04.15 19:31:03,6,C HD OA N 
ZINC000091746962_uff_E=350.10,18,2021.04.15 19:31:03,6,C HD OA N 
ZINC000065525969_uff_E=570.88,22,2021.04.15 19:31:03,6,A C OA HD N 
ZINC000011850592_uff_E=163.33,20,2021.04.15 19:31:04,4,A C HD OA N 
ZINC000070274092_uff_E=375.88,20,2021.04.15 19:31:04,4,A C HD OA N 
ZINC000012494450_uff_E=80.98,21,2021.04.15 19:31:04,8,C HD OA N 
ZINC000012505227_uff_E=468.64,18,2021.04.15 19:31:04,6,A C NA OA N S HD 
ZINC000004611494_uff_E=130.13,20,2021.04.15 19:31:04,6,A C HD OA N 
ZINC000000405389_uff_E=172.45,18,2021.04.15 19:31:04,7,C NA OA N SA HD 
ZINC000262973870_uff_E=405.43,21,2021.04.15 19:31:04,6,A C HD OA N 
ZINC000019686380_uff_E=148.85,19,2021.04.15 19:31:04,2,A C HD OA N 
ZINC000012526557_uff_E=473.90,19,2021.04.15 19:31:05,6,A C NA OA N S HD 
ZINC000019845269_uff_E=178.79,20,2021.04.15 19:31:05,4,A C HD OA N 
ZINC000004029390_uff_E=867.42,22,2021.04.15 19:31:05,6,C HD OA N 
ZINC000004029391_uff_E=345.13,22,2021.04.15 19:31:05,6,A C HD OA N 
ZINC000236766910_uff_E=153.23,24,2021.04.15 19:31:05,7,A C HD OA N 
ZINC000089942295_uff_E=136.87,18,2021.04.15 19:31:05,4,A C HD OA N 
ZINC000012357969_uff_E=354.53,20,2021.04.15 19:31:05,7,A C HD OA N 
ZINC000019961083_uff_E=129.59,18,2021.04.15 19:31:05,3,A C HD OA N 
ZINC000091292857_uff_E=269.98,19,2021.04.15 19:31:06,4,C HD OA N 
ZINC000091292855_uff_E=268.27,19,2021.04.15 19:31:06,4,C HD OA N 
ZINC000087208386_uff_E=263.77,19,2021.04.15 19:31:06,4,C HD OA N 
ZINC000000394133_uff_E=502.90,21,2021.04.15 19:31:06,8,A C NA OA S HD 
ZINC000088373744_uff_E=276.78,19,2021.04.15 19:31:06,4,C HD OA N 
ZINC000088375335_uff_E=302.56,19,2021.04.15 19:31:06,5,C HD OA N 
ZINC000088373741_uff_E=269.55,19,2021.04.15 19:31:06,4,C HD OA N 
ZINC000012778469_uff_E=362.79,21,2021.04.15 19:31:07,5,A C OA HD N 
ZINC000012760855_uff_E=358.28,18,2021.04.15 19:31:07,3,A C HD OA N 
ZINC000019982928_uff_E=532.85,16,2021.04.15 19:31:07,9,HD NA C S OA 
ZINC000035605758_uff_E=202.02,19,2021.04.15 19:31:07,3,A C HD OA N 
ZINC000152495503_uff_E=1736.71,19,2021.04.15 19:31:07,3,A C OA N S HD 
ZINC000036896411_uff_E=201.34,20,2021.04.15 19:31:07,3,A C HD OA N 
ZINC000003905883_uff_E=390.77,22,2021.04.15 19:31:07,5,A C HD OA N 
ZINC000002507083_uff_E=899.53,22,2021.04.15 19:31:07,5,C HD OA N 
ZINC000037414557_uff_E=668.49,20,2021.04.15 19:31:08,6,A C NA OA N S HD 
ZINC000013521780_uff_E=175.27,19,2021.04.15 19:31:08,1,A C NA OA N HD 
ZINC000020921316_uff_E=231.23,18,2021.04.15 19:31:08,10,HD C SA OA N 
ZINC000044610030_uff_E=513.50,23,2021.04.15 19:31:08,3,A C NA OA N HD 
ZINC000122994222_uff_E=157.79,21,2021.04.15 19:31:08,6,C HD OA N 
ZINC000002468762_uff_E=326.37,23,2021.04.15 19:31:08,4,A C HD OA N 
ZINC000263558397_uff_E=682.28,22,2021.04.15 19:31:08,7,A C NA OA N S HD 
ZINC000013517623_uff_E=362.99,21,2021.04.15 19:31:08,5,A C OA HD N 
ZINC000013470885_uff_E=336.76,22,2021.04.15 19:31:09,5,A C HD OA N 
ZINC000006921409_uff_E=561.94,18,2021.04.15 19:31:09,1,A C OA HD N 
ZINC000002165066_uff_E=526.99,21,2021.04.15 19:31:09,7,A C NA OA S HD 
ZINC000032223533_uff_E=129.89,16,2021.04.15 19:31:09,5,C HD OA 
ZINC000095347889_uff_E=187.67,19,2021.04.15 19:31:09,6,A C OA N S HD 
ZINC000039438676_uff_E=104.57,24,2021.04.15 19:31:09,8,A C OA HD N 
ZINC000039438675_uff_E=105.30,24,2021.04.15 19:31:09,8,A C OA HD N 
ZINC000002619051_uff_E=356.27,15,2021.04.15 19:31:09,5,A C HD OA N 
ZINC000034480817_uff_E=204.64,17,2021.04.15 19:31:10,3,A HD OA N 
ZINC000019685926_uff_E=137.41,18,2021.04.15 19:31:10,5,A C HD OA N 
ZINC000095485801_uff_E=326.10,24,2021.04.15 19:31:10,5,A C OA HD N 
ZINC000152495699_uff_E=1760.43,19,2021.04.15 19:31:10,3,A C OA N S HD 
ZINC000040542857_uff_E=710.07,19,2021.04.15 19:31:10,6,A C OA N S HD 
ZINC000062716038_uff_E=152.80,18,2021.04.15 19:31:10,7,A C HD OA N 
ZINC000017314585_uff_E=453.86,15,2021.04.15 19:31:10,2,A C OA N S HD 
ZINC000065614335_uff_E=326.84,20,2021.04.15 19:31:10,2,A C HD OA N 
ZINC000020446203_uff_E=339.90,18,2021.04.15 19:31:11,4,A C OA HD N 
ZINC000001402363_uff_E=361.13,20,2021.04.15 19:31:11,2,A C HD OA N 
ZINC000065434528_uff_E=1775.58,21,2021.04.15 19:31:11,3,A C HD OA N 
ZINC000143939187_uff_E=145.87,19,2021.04.15 19:31:11,3,A C HD OA N 
ZINC000261529811_uff_E=76.96,19,2021.04.15 19:31:11,8,C HD OA N 
ZINC000072324030_uff_E=441.10,23,2021.04.15 19:31:11,4,A C NA OA N HD 
ZINC000040163924_uff_E=347.22,19,2021.04.15 19:31:11,1,A HD OA N 
ZINC000040385796_uff_E=256.40,21,2021.04.15 19:31:11,7,C HD OA N 
ZINC000000115780_uff_E=131.80,19,2021.04.15 19:31:12,5,A C OA N SA HD 
ZINC000040447968_uff_E=138.29,16,2021.04.15 19:31:12,5,HD C SA OA N 
ZINC000040543942_uff_E=368.82,20,2021.04.15 19:31:12,4,A C HD OA N 
ZINC000070453846_uff_E=475.08,18,2021.04.15 19:31:12,5,A C NA OA N S HD 
ZINC000040911494_uff_E=619.80,16,2021.04.15 19:31:12,4,HD C S OA N 
ZINC000040267270_uff_E=922.23,20,2021.04.15 19:31:12,3,A C OA N S HD 
ZINC000020258509_uff_E=256.97,20,2021.04.15 19:31:12,7,C HD OA N 
ZINC000169726327_uff_E=143.32,19,2021.04.15 19:31:12,3,A C HD OA N 
ZINC000000407746_uff_E=238.74,18,2021.04.15 19:31:13,1,A C HD OA N 
ZINC000096032231_uff_E=329.76,12,2021.04.15 19:31:13,2,A C OA N Br HD 
ZINC000011919417_uff_E=198.02,20,2021.04.15 19:31:13,3,A C OA HD N 
ZINC000002732042_uff_E=521.79,15,2021.04.15 19:31:13,4,HD NA C S OA 
ZINC000122994856_uff_E=172.20,21,2021.04.15 19:31:13,6,C HD OA N 
ZINC000077101491_uff_E=702.47,19,2021.04.15 19:31:13,4,A C HD OA N 
ZINC000001044169_uff_E=112.87,19,2021.04.15 19:31:13,4,A C OA N SA HD 
ZINC000100392864_uff_E=332.68,18,2021.04.15 19:31:13,2,A C HD OA N 
ZINC000078210694_uff_E=652.43,19,2021.04.15 19:31:13,5,A C NA OA N S HD 
ZINC000299748800_uff_E=268.58,19,2021.04.15 19:31:14,7,C HD OA N 
ZINC000096113659_uff_E=327.17,25,2021.04.15 19:31:14,6,A C OA HD N 
ZINC000095386691_uff_E=181.30,23,2021.04.15 19:31:14,10,A C HD OA N 
ZINC000059269027_uff_E=439.56,17,2021.04.15 19:31:14,4,A C OA N S HD 
ZINC000002510545_uff_E=558.71,15,2021.04.15 19:31:14,5,HD C S OA N 
ZINC000037456880_uff_E=1484.87,20,2021.04.15 19:31:14,6,A C HD OA N 
ZINC000952981663_uff_E=437.94,21,2021.04.15 19:31:14,3,A C NA OA N HD 
ZINC000096503425_uff_E=167.67,18,2021.04.15 19:31:14,13,C HD OA 
ZINC000032936522_uff_E=533.67,19,2021.04.15 19:31:15,8,A C OA N S HD 
ZINC000082292990_uff_E=286.23,19,2021.04.15 19:31:15,4,C HD OA N 
ZINC000082292988_uff_E=383.56,19,2021.04.15 19:31:15,4,C HD OA N 
ZINC000004943313_uff_E=259.46,16,2021.04.15 19:31:15,6,C HD OA N 
ZINC000042784281_uff_E=165.26,16,2021.04.15 19:31:15,5,C HD OA N 
ZINC000020593837_uff_E=521.91,22,2021.04.15 19:31:15,5,A C HD OA N 
ZINC000062913629_uff_E=334.29,19,2021.04.15 19:31:15,4,C HD OA N 
ZINC000036948288_uff_E=563.27,16,2021.04.15 19:31:15,6,HD C S OA N 
ZINC000042538552_uff_E=455.31,19,2021.04.15 19:31:16,6,A C HD OA N 
ZINC000034383907_uff_E=314.19,19,2021.04.15 19:31:16,6,P C HD OA N 
ZINC000020417474_uff_E=202.98,18,2021.04.15 19:31:16,6,A C HD OA N 
ZINC000000405368_uff_E=938.16,18,2021.04.15 19:31:16,3,C HD OA N 
ZINC000004671365_uff_E=935.16,18,2021.04.15 19:31:16,3,C HD OA N 
ZINC000134827657_uff_E=343.19,20,2021.04.15 19:31:16,4,A C NA OA N HD 
ZINC000001822037_uff_E=260.17,20,2021.04.15 19:31:16,6,A C HD OA N 
ZINC000001868173_uff_E=277.47,20,2021.04.15 19:31:16,6,A C OA N SA HD 
ZINC000020254804_uff_E=702.78,18,2021.04.15 19:31:17,6,C NA OA N S HD 
ZINC000005331413_uff_E=143.43,20,2021.04.15 19:31:17,7,A C HD OA N 
ZINC000000070213_uff_E=131.84,20,2021.04.15 19:31:17,6,A C HD OA N 
ZINC000100486561_uff_E=486.75,21,2021.04.15 19:31:17,1,A C HD OA N 
ZINC000002040273_uff_E=117.68,20,2021.04.15 19:31:17,10,C HD OA N 
ZINC000020244868_uff_E=606.03,17,2021.04.15 19:31:17,6,HD NA C S OA 
ZINC000079006733_uff_E=468.33,18,2021.04.15 19:31:17,5,A C NA OA N S HD 
ZINC000034132551_uff_E=324.40,19,2021.04.15 19:31:18,12,HD C S OA N 
ZINC000019428411_uff_E=410.70,20,2021.04.15 19:31:18,5,A C NA OA N HD 
ZINC000019944008_uff_E=331.97,18,2021.04.15 19:31:18,3,A C OA N SA HD 
ZINC000001873108_uff_E=97.13,21,2021.04.15 19:31:18,8,C HD OA N 
ZINC000299750479_uff_E=1471.68,19,2021.04.15 19:31:18,6,A C HD OA N 
ZINC000000984850_uff_E=91.27,16,2021.04.15 19:31:18,3,A C OA N Br HD 
ZINC000009428862_uff_E=569.08,17,2021.04.15 19:31:18,4,A C NA OA N SA HD 
ZINC000002578354_uff_E=136.64,19,2021.04.15 19:31:18,6,A C OA N SA HD 
ZINC000004264671_uff_E=190.30,22,2021.04.15 19:31:19,7,A C F OA N HD 
ZINC000042538537_uff_E=433.62,19,2021.04.15 19:31:19,6,A C HD OA N 
ZINC000065373232_uff_E=457.33,21,2021.04.15 19:31:19,7,A C HD OA N 
ZINC000001569716_uff_E=129.14,21,2021.04.15 19:31:19,6,A C HD OA N 
ZINC000037436480_uff_E=213.48,19,2021.04.15 19:31:19,4,C HD OA N 
ZINC000019229980_uff_E=596.62,19,2021.04.15 19:31:19,2,A C OA N S HD 
ZINC000019366022_uff_E=143.14,21,2021.04.15 19:31:19,9,C HD OA N 
ZINC000004125109_uff_E=865.33,22,2021.04.15 19:31:19,6,C HD OA N 
ZINC000001603203_uff_E=491.11,19,2021.04.15 19:31:20,6,A C NA OA S HD 
ZINC000003883208_uff_E=414.19,19,2021.04.15 19:31:20,4,A C HD OA N 
ZINC000072233386_uff_E=330.82,20,2021.04.15 19:31:20,5,A S HD OA N 
ZINC000022165605_uff_E=224.87,20,2021.04.15 19:31:20,3,A C HD OA N 
ZINC000019428179_uff_E=580.48,15,2021.04.15 19:31:20,5,HD C S OA 
ZINC000019504858_uff_E=662.08,17,2021.04.15 19:31:20,5,C NA OA N S HD 
ZINC000125979414_uff_E=121.97,18,2021.04.15 19:31:20,2,A S HD OA N 
ZINC000070453844_uff_E=476.40,18,2021.04.15 19:31:20,5,A C NA OA N S HD 
ZINC000032627937_uff_E=735.28,16,2021.04.15 19:31:21,0,A C NA OA N S HD 
ZINC000008729716_uff_E=311.47,17,2021.04.15 19:31:21,5,A C OA N SA HD 
ZINC000020357858_uff_E=266.86,19,2021.04.15 19:31:21,4,A C HD OA N 
ZINC000035658841_uff_E=660.71,19,2021.04.15 19:31:21,7,A C NA OA N S HD 
ZINC000012504764_uff_E=339.89,23,2021.04.15 19:31:21,11,A C HD OA 
ZINC000037437722_uff_E=257.41,19,2021.04.15 19:31:21,4,C HD OA N 
ZINC000062913138_uff_E=293.61,19,2021.04.15 19:31:21,5,C HD OA N 
ZINC000003165238_uff_E=120.46,15,2021.04.15 19:31:21,8,P C HD OA 
ZINC000020357873_uff_E=299.37,16,2021.04.15 19:31:22,4,NA C HD OA 
ZINC000022205753_uff_E=319.53,18,2021.04.15 19:31:22,11,HD C S OA N 
ZINC000097056285_uff_E=378.78,20,2021.04.15 19:31:22,5,C HD OA N 
ZINC000022205650_uff_E=328.95,24,2021.04.15 19:31:22,5,A C HD OA N 
ZINC000020082512_uff_E=681.15,18,2021.04.15 19:31:22,6,C F OA N S HD 
ZINC000261594971_uff_E=204.59,18,2021.04.15 19:31:22,6,C HD OA N 
ZINC000261569114_uff_E=245.45,18,2021.04.15 19:31:22,6,C HD OA N 
ZINC000097729439_uff_E=816.01,15,2021.04.15 19:31:22,1,A C OA N S HD 
ZINC000000124828_uff_E=154.10,21,2021.04.15 19:31:23,5,A C HD OA N 
ZINC000036075290_uff_E=362.81,22,2021.04.15 19:31:23,6,A C OA HD N 
ZINC000062913447_uff_E=283.30,20,2021.04.15 19:31:23,5,C HD OA N 
ZINC000426415395_uff_E=396.29,20,2021.04.15 19:31:23,2,A C HD OA N 
ZINC000050959659_uff_E=219.97,19,2021.04.15 19:31:23,3,C HD OA N 
ZINC000231456706_uff_E=163.47,17,2021.04.15 19:31:23,5,C HD OA N 
ZINC000521398296_uff_E=402.42,18,2021.04.15 19:31:23,5,A C NA OA N HD 
ZINC000000967414_uff_E=584.05,22,2021.04.15 19:31:23,5,A C NA OA N HD 
ZINC000013555032_uff_E=81.97,19,2021.04.15 19:31:24,5,A C HD OA N 
ZINC000585092251_uff_E=516.05,21,2021.04.15 19:31:24,4,A C OA N SA HD 
ZINC000032627188_uff_E=389.56,21,2021.04.15 19:31:24,4,A C HD OA N 
ZINC000426612630_uff_E=375.37,21,2021.04.15 19:31:24,8,A C HD OA N 
ZINC000004029862_uff_E=891.25,20,2021.04.15 19:31:24,4,C HD OA N 
ZINC000004554514_uff_E=1059.41,19,2021.04.15 19:31:24,5,A C OA N SA HD 
ZINC000000039857_uff_E=352.48,21,2021.04.15 19:31:24,4,A C HD OA N 
ZINC000002565545_uff_E=201.81,19,2021.04.15 19:31:25,7,HD C SA OA N 
ZINC000177997520_uff_E=1308.82,20,2021.04.15 19:31:25,8,A C HD OA N 
ZINC000241160516_uff_E=402.88,20,2021.04.15 19:31:25,5,C HD OA N 
ZINC000241160515_uff_E=412.86,20,2021.04.15 19:31:25,5,C HD OA N 
ZINC000262921627_uff_E=1442.82,19,2021.04.15 19:31:25,6,A C HD OA N 
ZINC000393871654_uff_E=373.91,19,2021.04.15 19:31:25,7,A C OA N SA HD 
ZINC000001823473_uff_E=225.09,15,2021.04.15 19:31:25,8,P C HD OA N 
ZINC000004324685_uff_E=376.28,20,2021.04.15 19:31:25,1,A C NA OA N HD 
ZINC000049581963_uff_E=109.86,23,2021.04.15 19:31:26,9,A C OA HD N 
ZINC000020258699_uff_E=295.27,20,2021.04.15 19:31:26,7,A C HD OA N 
ZINC000096531391_uff_E=156.98,18,2021.04.15 19:31:26,3,A C OA HD N 
ZINC000096531393_uff_E=136.63,18,2021.04.15 19:31:26,3,A C OA HD N 
ZINC000050213593_uff_E=529.33,20,2021.04.15 19:31:26,5,A C NA OA N HD 
ZINC000012896294_uff_E=149.56,20,2021.04.15 19:31:26,3,A C HD OA N 
ZINC000020322864_uff_E=426.44,20,2021.04.15 19:31:26,5,A C HD OA N 
ZINC000002927960_uff_E=213.55,21,2021.04.15 19:31:26,4,A S HD OA N 
ZINC000062119743_uff_E=620.10,15,2021.04.15 19:31:27,5,HD NA C S OA 
ZINC000001704749_uff_E=165.21,21,2021.04.15 19:31:27,9,A C HD OA N 
ZINC000017110022_uff_E=114.81,17,2021.04.15 19:31:27,4,A C OA N SA HD 
ZINC000062913446_uff_E=257.45,20,2021.04.15 19:31:27,5,C HD OA N 
ZINC000000196478_uff_E=255.54,17,2021.04.15 19:31:27,7,P C HD OA N 
ZINC000100202383_uff_E=384.86,19,2021.04.15 19:31:27,3,A C HD OA N 
ZINC000263229402_uff_E=192.72,19,2021.04.15 19:31:27,5,C HD OA N 
ZINC000263229398_uff_E=190.73,19,2021.04.15 19:31:28,5,C HD OA N 
ZINC000330864020_uff_E=419.64,17,2021.04.15 19:31:28,5,A C OA N SA HD 
ZINC000002116511_uff_E=138.22,20,2021.04.15 19:31:28,10,HD C SA OA N 
ZINC000100431401_uff_E=297.51,18,2021.04.15 19:31:28,0,A C HD OA N 
ZINC000086012758_uff_E=203.05,20,2021.04.15 19:31:28,5,C HD OA N 
ZINC000050215286_uff_E=399.21,20,2021.04.15 19:31:28,6,A C NA OA N HD 
ZINC000252481740_uff_E=400.44,20,2021.04.15 19:31:28,5,A C NA OA N HD 
ZINC000100740885_uff_E=169.34,16,2021.04.15 19:31:28,4,C HD OA 
ZINC000100740888_uff_E=169.66,16,2021.04.15 19:31:29,4,C HD OA 
ZINC000254318780_uff_E=273.12,22,2021.04.15 19:31:29,9,A C HD OA N 
ZINC000725345437_uff_E=718.99,21,2021.04.15 19:31:29,6,A C HD OA N 
ZINC000725345436_uff_E=713.68,21,2021.04.15 19:31:29,6,A C HD OA N 
ZINC000037358545_uff_E=373.53,19,2021.04.15 19:31:29,5,A C HD OA N 
ZINC000001640082_uff_E=96.71,18,2021.04.15 19:31:29,8,C HD OA N 
ZINC000000481837_uff_E=218.34,16,2021.04.15 19:31:29,3,C HD OA N 
ZINC000037374130_uff_E=178.00,18,2021.04.15 19:31:29,6,C HD OA N 
ZINC000000053392_uff_E=345.26,20,2021.04.15 19:31:30,5,A C HD OA N 
ZINC000082377217_uff_E=540.83,16,2021.04.15 19:31:30,5,HD C S OA 
ZINC000082377218_uff_E=540.58,16,2021.04.15 19:31:30,4,HD C S OA 
ZINC000000166255_uff_E=411.62,19,2021.04.15 19:31:30,5,A C HD OA N 
ZINC000001402384_uff_E=374.83,19,2021.04.15 19:31:30,2,A C OA HD N 
ZINC000000236718_uff_E=481.52,17,2021.04.15 19:31:30,4,A C OA N S HD 
ZINC000000351996_uff_E=339.87,20,2021.04.15 19:31:30,5,A C HD OA N 
ZINC000095251536_uff_E=376.95,19,2021.04.15 19:31:30,3,A C NA OA N HD 
ZINC000004743910_uff_E=505.87,15,2021.04.15 19:31:31,4,C F NA OA N S HD 
ZINC000000967415_uff_E=628.17,24,2021.04.15 19:31:31,7,A C NA OA N HD 
ZINC000001047189_uff_E=658.28,17,2021.04.15 19:31:31,5,A C NA OA N S HD 
ZINC000062831623_uff_E=444.37,20,2021.04.15 19:31:31,5,A C NA OA N HD 
ZINC000001383620_uff_E=171.36,18,2021.04.15 19:31:31,4,A C HD OA N 
ZINC000001536869_uff_E=324.19,19,2021.04.15 19:31:31,4,HD C SA OA N 
ZINC000001576322_uff_E=98.47,20,2021.04.15 19:31:31,8,C HD OA N 
ZINC000005613886_uff_E=514.20,21,2021.04.15 19:31:31,7,A C NA OA N S HD 
ZINC000004629796_uff_E=396.96,18,2021.04.15 19:31:32,0,A C OA HD N 
ZINC000001424246_uff_E=405.37,24,2021.04.15 19:31:32,5,A C OA HD N 
ZINC000043700821_uff_E=357.52,20,2021.04.15 19:31:32,4,A C HD OA N 
ZINC000043700678_uff_E=417.44,19,2021.04.15 19:31:32,4,A C HD OA N 
ZINC000001748317_uff_E=115.83,19,2021.04.15 19:31:32,2,A C HD OA N 
ZINC000001762468_uff_E=196.94,19,2021.04.15 19:31:32,3,A C HD OA N 
ZINC000002003375_uff_E=952.37,18,2021.04.15 19:31:32,4,A C Cl OA N SA HD 
ZINC000002003376_uff_E=949.79,18,2021.04.15 19:31:33,4,A C Cl OA N SA HD 
ZINC000002003379_uff_E=959.90,18,2021.04.15 19:31:33,4,A C Cl OA N SA HD 
ZINC000002196623_uff_E=729.02,15,2021.04.15 19:31:33,5,HD S C OA 
ZINC000021991811_uff_E=286.57,17,2021.04.15 19:31:33,6,A C OA N SA HD 
ZINC000002382906_uff_E=295.05,17,2021.04.15 19:31:33,4,C HD OA 
ZINC000101012615_uff_E=511.85,21,2021.04.15 19:31:33,0,A C HD OA N 
ZINC000002424934_uff_E=747.58,19,2021.04.15 19:31:33,0,A C HD OA N 
ZINC000002525175_uff_E=188.79,21,2021.04.15 19:31:33,7,A C HD OA N 
ZINC000002528077_uff_E=193.33,22,2021.04.15 19:31:34,8,A C F OA N HD 
ZINC000002533914_uff_E=130.14,19,2021.04.15 19:31:34,4,A C OA N SA HD 
ZINC000002545176_uff_E=188.54,22,2021.04.15 19:31:34,7,A C F OA N HD 
ZINC000002551345_uff_E=279.02,17,2021.04.15 19:31:34,5,A C HD OA N 
ZINC000002560345_uff_E=63.50,20,2021.04.15 19:31:34,9,C HD OA N 
ZINC000002572074_uff_E=78.71,17,2021.04.15 19:31:34,8,C HD OA N 
ZINC000002598902_uff_E=196.51,17,2021.04.15 19:31:34,4,C HD OA N 
ZINC000002765676_uff_E=442.44,22,2021.04.15 19:31:34,5,A S HD OA N 
ZINC000003324531_uff_E=810.32,18,2021.04.15 19:31:35,3,A C NA OA N S HD 
ZINC000123637483_uff_E=294.00,20,2021.04.15 19:31:35,7,C HD OA N 
ZINC000215281114_uff_E=382.72,24,2021.04.15 19:31:35,4,A C HD OA N 
ZINC000000374879_uff_E=152.86,21,2021.04.15 19:31:35,7,A C HD OA N 
ZINC000215281161_uff_E=386.79,24,2021.04.15 19:31:35,4,A C HD OA N 
ZINC000003798622_uff_E=541.96,19,2021.04.15 19:31:35,3,A C NA OA N S HD 
ZINC000003844355_uff_E=148.48,17,2021.04.15 19:31:35,5,A C HD OA N 
ZINC000003844360_uff_E=156.18,18,2021.04.15 19:31:35,5,A C HD OA N 
ZINC000003844356_uff_E=204.24,19,2021.04.15 19:31:36,5,A C HD OA N 
ZINC000526059748_uff_E=718.04,18,2021.04.15 19:31:36,2,A C OA N S HD 
ZINC000003874394_uff_E=133.59,20,2021.04.15 19:31:36,10,HD C SA OA N 
ZINC000003883379_uff_E=589.61,17,2021.04.15 19:31:36,5,HD C S OA N 
ZINC000004205577_uff_E=233.38,17,2021.04.15 19:31:36,5,A C HD OA N 
ZINC000004206965_uff_E=333.92,23,2021.04.15 19:31:36,11,A C HD OA 
ZINC000004206968_uff_E=339.67,23,2021.04.15 19:31:36,11,A C HD OA 
ZINC000004226897_uff_E=750.89,12,2021.04.15 19:31:36,0,A C OA N S SA HD 
ZINC000004245092_uff_E=335.91,20,2021.04.15 19:31:37,5,A C HD OA N 
ZINC000004294715_uff_E=193.72,17,2021.04.15 19:31:37,4,C HD OA N 
ZINC000004386286_uff_E=391.99,21,2021.04.15 19:31:37,4,A C HD OA N 
ZINC000004487220_uff_E=344.90,20,2021.04.15 19:31:37,5,A C HD OA N 
ZINC000006760910_uff_E=399.36,23,2021.04.15 19:31:37,4,A C NA OA N HD 
ZINC000004554513_uff_E=1028.10,19,2021.04.15 19:31:37,5,A C OA N SA HD 
ZINC000004575280_uff_E=212.20,17,2021.04.15 19:31:37,4,A C HD OA N 
ZINC000000193798_uff_E=149.03,21,2021.04.15 19:31:38,2,A C HD OA N 
ZINC000004943314_uff_E=278.45,16,2021.04.15 19:31:38,6,C HD OA N 
ZINC000083255146_uff_E=633.24,16,2021.04.15 19:31:38,5,A C NA OA S HD 
ZINC000054768660_uff_E=240.74,19,2021.04.15 19:31:38,3,C HD OA N 
ZINC000005133422_uff_E=343.08,19,2021.04.15 19:31:38,4,HD C SA OA N 
ZINC000003207457_uff_E=71.48,21,2021.04.15 19:31:38,3,A C SA HD N 
ZINC000005350117_uff_E=123.89,16,2021.04.15 19:31:38,5,A C HD OA N 
ZINC000012944238_uff_E=178.51,20,2021.04.15 19:31:38,3,A C HD OA N 
ZINC000005555515_uff_E=516.55,19,2021.04.15 19:31:39,6,A C NA OA S HD 
ZINC000005700396_uff_E=358.13,18,2021.04.15 19:31:39,3,A C HD OA N 
ZINC000005713097_uff_E=96.93,17,2021.04.15 19:31:39,3,A C F OA N HD 
ZINC000005783286_uff_E=329.45,21,2021.04.15 19:31:39,4,A C HD OA N 
ZINC000014611337_uff_E=708.10,22,2021.04.15 19:31:39,2,A S OA HD N 
ZINC000006564865_uff_E=695.28,18,2021.04.15 19:31:39,6,A C NA OA N S HD 
ZINC000004617021_uff_E=164.45,20,2021.04.15 19:31:39,8,C HD OA N 
ZINC000006751092_uff_E=302.62,19,2021.04.15 19:31:40,7,A C HD OA N 
ZINC000005789478_uff_E=97.29,18,2021.04.15 19:31:40,5,A C OA N SA HD 
ZINC000002567697_uff_E=503.72,20,2021.04.15 19:31:40,8,A C NA OA S HD 
ZINC000095919628_uff_E=228.03,18,2021.04.15 19:31:40,6,C HD OA N 
ZINC000095863104_uff_E=289.56,17,2021.04.15 19:31:40,4,C HD OA 
ZINC000008983594_uff_E=548.68,18,2021.04.15 19:31:40,1,A HD OA N 
ZINC000644283683_uff_E=305.00,19,2021.04.15 19:31:40,7,A C OA HD N 
ZINC000236644466_uff_E=172.16,21,2021.04.15 19:31:40,6,C HD OA N 
ZINC000008346059_uff_E=663.02,15,2021.04.15 19:31:41,5,HD C S OA N 
ZINC000008609359_uff_E=208.91,21,2021.04.15 19:31:41,4,A C HD OA N 
ZINC000236712625_uff_E=158.00,21,2021.04.15 19:31:41,6,C HD OA N 
ZINC000008754385_uff_E=154.41,20,2021.04.15 19:31:41,3,A C HD OA N 
ZINC000008846310_uff_E=95.97,19,2021.04.15 19:31:41,6,A C OA N SA HD 
ZINC000015221730_uff_E=687.94,22,2021.04.15 19:31:41,6,A C HD OA N 
ZINC000096118974_uff_E=553.77,18,2021.04.15 19:31:41,1,A C HD OA N 
ZINC000012357960_uff_E=530.39,24,2021.04.15 19:31:42,6,A C OA HD N 
ZINC000009428918_uff_E=136.70,17,2021.04.15 19:31:42,4,A C HD OA N 
ZINC000096345933_uff_E=206.03,21,2021.04.15 19:31:42,5,A C HD OA N 
ZINC000036610923_uff_E=380.51,23,2021.04.15 19:31:42,7,A C OA HD N 
ZINC000169676389_uff_E=458.66,19,2021.04.15 19:31:42,4,A C OA HD N 
ZINC000032223535_uff_E=148.78,16,2021.04.15 19:31:42,5,C HD OA 
ZINC000006760912_uff_E=421.83,23,2021.04.15 19:31:42,4,A C NA OA N HD 
ZINC000003167798_uff_E=108.19,17,2021.04.15 19:31:42,8,C HD OA F 
ZINC000010336533_uff_E=393.61,20,2021.04.15 19:31:43,5,A C NA OA N HD 
ZINC000078210627_uff_E=402.98,22,2021.04.15 19:31:43,5,A C OA HD N 
ZINC000011535937_uff_E=594.93,13,2021.04.15 19:31:43,3,C OA N S SA HD 
ZINC000000203988_uff_E=337.31,22,2021.04.15 19:31:43,5,A C HD OA N 
ZINC000000180379_uff_E=137.13,17,2021.04.15 19:31:43,5,HD C SA OA N 
ZINC000000204072_uff_E=183.96,16,2021.04.15 19:31:43,5,HD C SA OA N 
ZINC000011764898_uff_E=277.23,22,2021.04.15 19:31:43,8,A C HD OA N 
ZINC000238855937_uff_E=1370.84,18,2021.04.15 19:31:43,7,A C HD OA N 
ZINC000011891478_uff_E=598.27,17,2021.04.15 19:31:44,5,HD NA C S OA 
ZINC000011920449_uff_E=363.80,19,2021.04.15 19:31:44,5,A C HD OA N 
ZINC000299749466_uff_E=1487.28,19,2021.04.15 19:31:44,7,A C HD OA N 
ZINC000299750477_uff_E=1485.05,19,2021.04.15 19:31:44,6,A C HD OA N 
ZINC000299751834_uff_E=275.61,19,2021.04.15 19:31:44,8,C HD OA N 
ZINC000000264926_uff_E=335.12,18,2021.04.15 19:31:44,3,A C HD OA N 
ZINC000000248558_uff_E=331.24,18,2021.04.15 19:31:44,3,A C OA N SA HD 
ZINC000095160883_uff_E=438.81,18,2021.04.15 19:31:45,2,A C NA OA N HD 
ZINC000095160884_uff_E=439.99,18,2021.04.15 19:31:45,2,A C NA OA N HD 
ZINC000012368780_uff_E=159.39,16,2021.04.15 19:31:45,5,A C OA N SA HD 
ZINC000524728979_uff_E=420.68,24,2021.04.15 19:31:45,5,A C OA HD N 
ZINC000012397819_uff_E=436.69,18,2021.04.15 19:31:45,4,A C HD OA N 
ZINC000012397813_uff_E=433.10,18,2021.04.15 19:31:45,4,A C HD OA N 
ZINC000004704318_uff_E=113.13,17,2021.04.15 19:31:45,6,C HD OA N 
ZINC000065394805_uff_E=376.52,19,2021.04.15 19:31:46,7,A C HD OA N 
ZINC000014248179_uff_E=107.20,20,2021.04.15 19:31:46,4,A C F OA N SA HD 
ZINC000014248181_uff_E=107.67,20,2021.04.15 19:31:46,5,A C F OA N SA HD 
ZINC000095386690_uff_E=181.49,23,2021.04.15 19:31:46,10,A C HD OA N 
ZINC000000386722_uff_E=131.22,18,2021.04.15 19:31:46,5,C HD OA N 
ZINC000012956768_uff_E=317.06,21,2021.04.15 19:31:46,4,A C HD OA N 
ZINC000263618848_uff_E=343.03,20,2021.04.15 19:31:46,5,A C HD OA N 
ZINC000066323259_uff_E=133.35,17,2021.04.15 19:31:46,1,A C OA N SA HD 
ZINC000000486241_uff_E=114.95,17,2021.04.15 19:31:47,6,A C HD OA N 
ZINC000013659163_uff_E=151.71,18,2021.04.15 19:31:47,3,A C HD OA N 
ZINC000026420176_uff_E=137.60,19,2021.04.15 19:31:47,3,A C HD OA N 
ZINC000014001469_uff_E=308.66,22,2021.04.15 19:31:47,4,A C HD OA N 
ZINC000210958498_uff_E=118.05,19,2021.04.15 19:31:47,5,A C HD OA N 
ZINC000251460820_uff_E=1449.76,20,2021.04.15 19:31:47,5,A C HD OA N 
ZINC000000808044_uff_E=212.13,19,2021.04.15 19:31:47,5,C HD OA N 
ZINC000217474649_uff_E=376.79,19,2021.04.15 19:31:48,6,A C HD OA N 
ZINC000685939372_uff_E=746.04,18,2021.04.15 19:31:48,3,A C NA OA N S HD 
ZINC000685939371_uff_E=750.57,18,2021.04.15 19:31:48,3,A C NA OA N S HD 
ZINC000036220600_uff_E=444.97,16,2021.04.15 19:31:48,4,A C OA N S HD 
ZINC000014988494_uff_E=385.12,24,2021.04.15 19:31:48,7,A C NA OA N HD 
ZINC000004784768_uff_E=193.69,18,2021.04.15 19:31:48,7,C HD OA N 
ZINC000004554515_uff_E=1014.90,19,2021.04.15 19:31:48,5,A C OA N SA HD 
ZINC000015442563_uff_E=94.94,18,2021.04.15 19:31:48,8,C HD OA N 
ZINC000003167796_uff_E=108.72,17,2021.04.15 19:31:49,8,C HD OA F 
ZINC000015775024_uff_E=152.58,17,2021.04.15 19:31:49,5,C HD OA N 
ZINC000015828482_uff_E=377.97,19,2021.04.15 19:31:49,4,A C HD OA N 
ZINC000004770450_uff_E=306.67,21,2021.04.15 19:31:49,7,A C OA HD N 
ZINC000002491360_uff_E=452.24,19,2021.04.15 19:31:49,5,A NA OA N S HD 
ZINC000001511379_uff_E=295.54,18,2021.04.15 19:31:49,0,A OA Br HD N 
ZINC000036983366_uff_E=701.56,19,2021.04.15 19:31:49,6,A C NA OA N S HD 
ZINC000096316546_uff_E=109.62,17,2021.04.15 19:31:50,4,A C OA N SA HD 
ZINC000004226898_uff_E=686.29,12,2021.04.15 19:31:50,0,C OA N S SA HD 
ZINC000011768521_uff_E=750.88,12,2021.04.15 19:31:50,0,A C OA N S SA HD 
ZINC000034552395_uff_E=335.26,20,2021.04.15 19:31:50,3,A C HD OA N 
ZINC000017083504_uff_E=182.89,21,2021.04.15 19:31:50,4,A C HD OA N 
ZINC000050213590_uff_E=442.82,19,2021.04.15 19:31:50,4,A C NA OA N HD 
ZINC000075259713_uff_E=453.98,17,2021.04.15 19:31:50,4,A S HD OA N 
ZINC000021955166_uff_E=551.31,19,2021.04.15 19:31:50,10,HD NA C S OA 
ZINC000018100819_uff_E=108.70,17,2021.04.15 19:31:51,5,A C OA N SA HD 
ZINC000012396971_uff_E=357.93,21,2021.04.15 19:31:51,5,A C HD OA N 
ZINC000057218498_uff_E=358.68,22,2021.04.15 19:31:51,3,A C OA HD N 
ZINC000238856566_uff_E=401.19,22,2021.04.15 19:31:51,5,A C OA HD N 
ZINC000408518576_uff_E=555.99,23,2021.04.15 19:31:51,4,A C SA HD N 
ZINC000001926621_uff_E=196.26,22,2021.04.15 19:31:51,6,A C HD OA N 
ZINC000001926623_uff_E=217.12,22,2021.04.15 19:31:51,6,A C HD OA N 
ZINC000036556779_uff_E=1950.87,21,2021.04.15 19:31:52,4,A C OA HD N 
ZINC000584895208_uff_E=529.63,25,2021.04.15 19:31:52,5,A C OA HD N 
ZINC000019280331_uff_E=761.92,18,2021.04.15 19:31:52,4,HD C S OA N 
ZINC000065398221_uff_E=390.60,19,2021.04.15 19:31:52,7,A C HD OA N 
ZINC000019280333_uff_E=781.24,18,2021.04.15 19:31:52,4,HD C S OA N 
ZINC000075153165_uff_E=317.36,18,2021.04.15 19:31:52,1,A OA HD Br N 
ZINC000019473778_uff_E=198.01,20,2021.04.15 19:31:52,3,A C HD OA N 
ZINC000019504857_uff_E=661.93,17,2021.04.15 19:31:53,5,C NA OA N S HD 
ZINC000019517337_uff_E=197.04,18,2021.04.15 19:31:53,5,C HD OA N 
ZINC000019583672_uff_E=705.55,16,2021.04.15 19:31:53,5,HD NA C S OA 
ZINC000005242230_uff_E=609.43,21,2021.04.15 19:31:53,1,A NA C HD N 
ZINC000215566476_uff_E=155.54,21,2021.04.15 19:31:53,3,A C OA HD N 
ZINC000083875262_uff_E=443.59,19,2021.04.15 19:31:53,4,A C HD OA N 
ZINC000087616717_uff_E=588.34,15,2021.04.15 19:31:53,4,HD C S OA N 
ZINC000002390948_uff_E=96.70,20,2021.04.15 19:31:53,8,C HD OA N 
ZINC000103016242_uff_E=330.76,20,2021.04.15 19:31:54,5,A S HD OA N 
ZINC000020082504_uff_E=638.04,18,2021.04.15 19:31:54,6,C F NA OA S HD 
ZINC000020082506_uff_E=635.72,18,2021.04.15 19:31:54,6,C F NA OA S HD 
ZINC000003148796_uff_E=866.32,20,2021.04.15 19:31:54,5,C SA HD OA N 
ZINC000000053391_uff_E=885.48,20,2021.04.15 19:31:54,5,C HD OA N 
ZINC000000336994_uff_E=1447.66,17,2021.04.15 19:31:54,3,A C NA OA S HD 
ZINC000002527899_uff_E=151.02,20,2021.04.15 19:31:54,7,A C HD OA N 
ZINC000002554723_uff_E=689.48,17,2021.04.15 19:31:55,5,A C Cl OA N S HD 
ZINC000020204856_uff_E=374.70,19,2021.04.15 19:31:55,6,A C OA N SA HD 
ZINC000020216661_uff_E=287.74,21,2021.04.15 19:31:55,3,A C HD OA N 
ZINC000042699872_uff_E=229.49,18,2021.04.15 19:31:55,6,C HD OA N 
ZINC000002572098_uff_E=97.28,18,2021.04.15 19:31:55,6,C HD OA N 
ZINC000042699878_uff_E=245.91,18,2021.04.15 19:31:55,6,C HD OA N 
ZINC000067842984_uff_E=394.10,25,2021.04.15 19:31:55,3,A C NA OA N HD 
ZINC000086012760_uff_E=203.49,20,2021.04.15 19:31:56,5,C HD OA N 
ZINC000020357856_uff_E=239.54,19,2021.04.15 19:31:56,3,A C HD OA N 
ZINC000020357862_uff_E=310.99,17,2021.04.15 19:31:56,4,NA C HD OA N 
ZINC000020357860_uff_E=358.30,17,2021.04.15 19:31:56,3,NA C HD OA N 
ZINC000020447202_uff_E=134.71,18,2021.04.15 19:31:56,6,A C HD OA N 
ZINC000036532777_uff_E=520.31,20,2021.04.15 19:31:56,6,A C NA OA N S HD 
ZINC000019515289_uff_E=180.68,17,2021.04.15 19:31:56,6,C HD OA N 
ZINC000037655531_uff_E=591.40,17,2021.04.15 19:31:56,5,HD NA C S OA 
ZINC000020596774_uff_E=390.34,19,2021.04.15 19:31:57,5,A C NA OA N HD 
ZINC000054768659_uff_E=233.05,19,2021.04.15 19:31:57,3,C HD OA N 
ZINC000054768658_uff_E=236.36,19,2021.04.15 19:31:57,3,C HD OA N 
ZINC000003123571_uff_E=102.52,18,2021.04.15 19:31:57,8,C HD OA N 
